Health System,health,system,companies,care,medicare 
Holocaust,today,holocaust,evil,camp 
Work,jobs,work,businesses,investments,working 
Health System,health,care,system,that's,costs 
Iran,people,iranian,iran,government 
Economy,time,money,spending,make,future 
Isis,rights,clear,assistance,send,afghanistan 
Climate,energy,world,climate,global,promise 
National Debt,economy,american,years,responsibility,bill 
History,history,make,found,day,century 
Leadership,nation,america,leaders,people,washington 
Future,progress,give,reach,movement,road 
Health System,coverage,health,bill,government,year 
Guantanamo Bay,guantanamo,years,legal,courts,congress 
Nuclear,nations,property,copyright,nuclear,weapons 
American Power,it's,rights,states,american,power 
War In Iraq,iraq,war,troops,military,end 
Kennedy,ted,kennedy,teddy,loved,gave 
Nuclear,nuclear,war,world,today,weapons 
War,war,make,decision,words,strong 
Education,education,school,college,country,america 
Health System,care,health,page,give,pay 
Health System,i'm,patients,they're,hospitals,information 
Patriotism,americans,nation,save,plan,problems 
Patriotism,transcription,hope,america,people,moment 
financial crisis,financial,crisis,put,economy,home 
Elections,tonight,white,children,young,election 
Deficit,americans,people,deficit,property,job 
Christmas,steps,christmas,marines,today,ordered 
Elections,america,day,lead,policies,campaign 
Security,government,transition,country,critical,security 
Patriotism,time,people,american,america,americans 
Economy,jobs,administration,economic,treasury,wall 
Racism,black,ashley,racial,community,talk 
Patriotism,day,lincoln,god,men,spirit 
Health System,insurance,reform,plan,care,congress 
Civil Rights,life,rights,civil,work,decide